{
  "LASSO_LogReg": {
    "roc_auc": 0.9019104699054362,
    "accuracy": 0.9119121907733452,
    "precision": 0.71,
    "recall": 0.32618683001531396,
    "f1": 0.44700944386149005,
    "confusion_matrix": [
      [
        15728,
        261
      ],
      [
        1320,
        639
      ]
    ]
  },
  "CART_Tuned": {
    "roc_auc": 0.7261512357382249,
    "accuracy": 0.8738578114553154,
    "precision": 0.4267882861257801,
    "recall": 0.45380296069423176,
    "f1": 0.43988124690747155,
    "confusion_matrix": [
      [
        14795,
        1194
      ],
      [
        1070,
        889
      ]
    ]
  }
}